[{"created_at":"Tue Apr 30 00:22:03 +0000 2013","id":329027835530448896,"id_str":"329027835530448896","text":"@fervisa O.k entonces ma\u00f1ana nos estamos viendo por aqu\u00ed","source":"web","truncated":false,"in_reply_to_status_id":328935728736256000,"in_reply_to_status_id_str":"328935728736256000","in_reply_to_user_id":75294932,"in_reply_to_user_id_str":"75294932","in_reply_to_screen_name":"fervisa","user":{"id":66732139,"id_str":"66732139","name":"fitorec","screen_name":"fitorec","location":"En dnd se pueda.","url":"http:\/\/fitorec.wordpress.com","description":"So\u00f1ador, creativo, REBELDE, Por siempre aprendiz de la vida y de mis semejantes. Me late MUCHO el Software Libre, pero aun m\u00e1s hacer Amigos ':\u00acD,","protected":false,"followers_count":1001,"friends_count":883,"listed_count":44,"created_at":"Tue Aug 18 16:56:53 +0000 2009","favourites_count":31,"utc_offset":-21600,"time_zone":"Central Time (US & Canada)","geo_enabled":true,"verified":false,"statuses_count":10462,"lang":"es","contributors_enabled":false,"is_translator":false,"profile_background_color":"131516","profile_background_image_url":"http:\/\/a0.twimg.com\/profile_background_images\/670731708\/7866b338042481d7cc1aa1e72b25659f.gif","profile_background_image_url_https":"https:\/\/si0.twimg.com\/profile_background_images\/670731708\/7866b338042481d7cc1aa1e72b25659f.gif","profile_background_tile":true,"profile_image_url":"http:\/\/a0.twimg.com\/profile_images\/2167364955\/fitorec_avatar_normal.gif","profile_image_url_https":"https:\/\/si0.twimg.com\/profile_images\/2167364955\/fitorec_avatar_normal.gif","profile_banner_url":"https:\/\/si0.twimg.com\/profile_banners\/66732139\/1348156530","profile_link_color":"0FA7FF","profile_sidebar_border_color":"000000","profile_sidebar_fill_color":"0F0F0F","profile_text_color":"2F4040","profile_use_background_image":true,"default_profile":false,"default_profile_image":false,"following":null,"follow_request_sent":null,"notifications":null},"geo":null,"coordinates":null,"place":null,"contributors":null,"retweet_count":0,"favorite_count":0,"entities":{"hashtags":[],"symbols":[],"urls":[],"user_mentions":[{"screen_name":"fervisa","name":"Fernando Villalobos","id":75294932,"id_str":"75294932","indices":[0,8]}]},"favorited":false,"retweeted":false,"lang":"es"},{"created_at":"Mon Apr 29 18:09:31 +0000 2013","id":328934083667296256,"id_str":"328934083667296256","text":"@fervisa Q onda dnd andas?","source":"web","truncated":false,"in_reply_to_status_id":328930243018641409,"in_reply_to_status_id_str":"328930243018641409","in_reply_to_user_id":75294932,"in_reply_to_user_id_str":"75294932","in_reply_to_screen_name":"fervisa","user":{"id":66732139,"id_str":"66732139","name":"fitorec","screen_name":"fitorec","location":"En dnd se pueda.","url":"http:\/\/fitorec.wordpress.com","description":"So\u00f1ador, creativo, REBELDE, Por siempre aprendiz de la vida y de mis semejantes. Me late MUCHO el Software Libre, pero aun m\u00e1s hacer Amigos ':\u00acD,","protected":false,"followers_count":1001,"friends_count":883,"listed_count":44,"created_at":"Tue Aug 18 16:56:53 +0000 2009","favourites_count":31,"utc_offset":-21600,"time_zone":"Central Time (US & Canada)","geo_enabled":true,"verified":false,"statuses_count":10462,"lang":"es","contributors_enabled":false,"is_translator":false,"profile_background_color":"131516","profile_background_image_url":"http:\/\/a0.twimg.com\/profile_background_images\/670731708\/7866b338042481d7cc1aa1e72b25659f.gif","profile_background_image_url_https":"https:\/\/si0.twimg.com\/profile_background_images\/670731708\/7866b338042481d7cc1aa1e72b25659f.gif","profile_background_tile":true,"profile_image_url":"http:\/\/a0.twimg.com\/profile_images\/2167364955\/fitorec_avatar_normal.gif","profile_image_url_https":"https:\/\/si0.twimg.com\/profile_images\/2167364955\/fitorec_avatar_normal.gif","profile_banner_url":"https:\/\/si0.twimg.com\/profile_banners\/66732139\/1348156530","profile_link_color":"0FA7FF","profile_sidebar_border_color":"000000","profile_sidebar_fill_color":"0F0F0F","profile_text_color":"2F4040","profile_use_background_image":true,"default_profile":false,"default_profile_image":false,"following":null,"follow_request_sent":null,"notifications":null},"geo":null,"coordinates":null,"place":null,"contributors":null,"retweet_count":0,"favorite_count":0,"entities":{"hashtags":[],"symbols":[],"urls":[],"user_mentions":[{"screen_name":"fervisa","name":"Fernando Villalobos","id":75294932,"id_str":"75294932","indices":[0,8]}]},"favorited":false,"retweeted":false,"lang":"ht"}]